,start,end,length,start codon,stop codon,GC%
cob,1,1182,1181,ATG,TAA,33.50253807106599
trnS2(tga),1136,1202,66,GAT,TTG,16.417910447761194
nad1,1229,2170,941,ATG,TAG,29.511677282377917
trnL1(tag),2192,2258,66,ACT,GTT,28.35820895522388
rrnL,2234,3574,1340,ATA,GTT,24.459358687546604
trnV(tac),3580,3652,72,CAA,TGA,28.767123287671232
rrnS,3653,4491,838,TTG,TAT,26.579261025029798
trnI(gat),5232,5298,66,AAT,TTA,25.37313432835821
trnQ(ttg),5296,5364,68,TAT,TAA,31.88405797101449
trnM(cat),5374,5443,69,AAA,TTA,32.857142857142854
nad2,5444,6454,1010,ATT,TAG,25.61819980217606
trnW(tca),6453,6521,68,AGA,CTA,15.942028985507244
trnC(gca),6524,6588,64,AAT,TTT,23.076923076923077
trnY(gta),6599,6662,63,AAT,TTA,32.8125
cox1,6663,8201,1538,ATG,TAA,36.97205977907732
trnL2(taa),8197,8262,65,TCT,GAA,25.757575757575758
cox2,8267,8956,689,ATG,TAA,34.20289855072463
trnK(ttt),8955,9021,66,AAC,TTA,28.35820895522388
trnD(gtc),9021,9084,63,AAG,TTA,21.875
atp8,9085,9243,158,ATG,TAA,24.528301886792452
atp6,9240,9911,671,ATA,TAA,34.672619047619044
cox3,9911,10702,791,ATG,TAA,34.217171717171716
trnG(tcc),10702,10766,64,ACT,GTA,23.076923076923077
nad3,10776,11117,341,ATT,TAA,35.38011695906433
trnA(tgc),11116,11180,64,AAG,TTA,27.692307692307693
trnR(tcg),11183,11245,62,AAT,TTT,33.33333333333333
trnN(gtt),11245,11311,66,TTG,AAG,26.865671641791046
trnS1(tct),11314,11381,67,GGA,CCA,33.82352941176471
trnE(ttc),11383,11449,66,GTT,ACT,32.83582089552239
trnH(gtg),11449,11514,65,ACT,GTA,18.181818181818183
trnF(gaa),11515,11581,66,ATT,ATA,20.8955223880597
nad5,11581,13290,1709,ATT,TAA,27.076023391812864
nad4,13359,14696,1337,ATG,TAA,25.85949177877429
nad4l,14690,14968,278,ATG,TAA,27.24014336917563
trnT(tgt),15004,15069,65,GTT,ACT,22.727272727272727
trnP(tgg),15070,15134,64,CAG,TGA,26.153846153846157
nad6,15137,15643,506,ATT,TAA,28.205128205128204
